group,image_id,image_path,I_nc,I_sample,ratio,sat_nc,sat_sample,pred,correct,note
neg_neg,neg_neg_1,C:\n.gonorrhea_diagnostic_app\dataset\pair\neg_neg\neg_neg_1.jpg,210.0000,189.0000,0.900000,0.0000,0.0000,neg,True,
neg_neg,neg_neg_10,C:\n.gonorrhea_diagnostic_app\dataset\pair\neg_neg\neg_neg_10.jpg,232.0000,227.0000,0.978448,0.0011,0.0000,neg,True,
neg_neg,neg_neg_11,C:\n.gonorrhea_diagnostic_app\dataset\pair\neg_neg\neg_neg_11.jpg,193.0000,204.0000,1.056995,0.0000,0.0000,neg,True,
neg_neg,neg_neg_12,C:\n.gonorrhea_diagnostic_app\dataset\pair\neg_neg\neg_neg_12.jpg,191.0000,202.0000,1.057592,0.0000,0.0000,neg,True,
neg_neg,neg_neg_13,C:\n.gonorrhea_diagnostic_app\dataset\pair\neg_neg\neg_neg_13.jpg,202.0000,220.0000,1.089109,0.0000,0.0000,neg,True,
neg_neg,neg_neg_14,C:\n.gonorrhea_diagnostic_app\dataset\pair\neg_neg\neg_neg_14.jpg,204.0000,221.0000,1.083333,0.0000,0.0000,neg,True,
neg_neg,neg_neg_15,C:\n.gonorrhea_diagnostic_app\dataset\pair\neg_neg\neg_neg_15.jpg,206.0000,201.0000,0.975728,0.0000,0.0000,neg,True,
neg_neg,neg_neg_16,C:\n.gonorrhea_diagnostic_app\dataset\pair\neg_neg\neg_neg_16.jpg,204.0000,201.0000,0.985294,0.0000,0.0000,neg,True,
neg_neg,neg_neg_17,C:\n.gonorrhea_diagnostic_app\dataset\pair\neg_neg\neg_neg_17.jpg,182.0000,170.0000,0.934066,0.0000,0.0000,neg,True,
neg_neg,neg_neg_18,C:\n.gonorrhea_diagnostic_app\dataset\pair\neg_neg\neg_neg_18.jpg,180.0000,171.0500,0.950278,0.0000,0.0000,neg,True,
neg_neg,neg_neg_19,C:\n.gonorrhea_diagnostic_app\dataset\pair\neg_neg\neg_neg_19.jpg,241.0000,236.0000,0.979253,0.0000,0.0000,neg,True,
neg_neg,neg_neg_2,C:\n.gonorrhea_diagnostic_app\dataset\pair\neg_neg\neg_neg_2.jpg,208.0000,187.0000,0.899038,0.0000,0.0000,neg,True,
neg_neg,neg_neg_20,C:\n.gonorrhea_diagnostic_app\dataset\pair\neg_neg\neg_neg_20.jpg,242.0000,235.0000,0.971074,0.0025,0.0010,neg,True,
neg_neg,neg_neg_21,C:\n.gonorrhea_diagnostic_app\dataset\pair\neg_neg\neg_neg_21.jpg,161.0000,186.0000,1.155280,0.0000,0.0000,pos,False,
neg_neg,neg_neg_22,C:\n.gonorrhea_diagnostic_app\dataset\pair\neg_neg\neg_neg_22.jpg,183.0000,215.0000,1.174863,0.0000,0.0000,pos,False,
neg_neg,neg_neg_23,C:\n.gonorrhea_diagnostic_app\dataset\pair\neg_neg\neg_neg_23.jpg,184.0000,224.0000,1.217391,0.0000,0.0000,pos,False,
neg_neg,neg_neg_24,C:\n.gonorrhea_diagnostic_app\dataset\pair\neg_neg\neg_neg_24.jpg,180.0000,214.0000,1.188889,0.0000,0.0000,pos,False,
neg_neg,neg_neg_25,C:\n.gonorrhea_diagnostic_app\dataset\pair\neg_neg\neg_neg_25.jpg,,,,,,,,ROI_PARTIAL
neg_neg,neg_neg_26,C:\n.gonorrhea_diagnostic_app\dataset\pair\neg_neg\neg_neg_26.jpg,,,,,,,,ROI_PARTIAL
neg_neg,neg_neg_3,C:\n.gonorrhea_diagnostic_app\dataset\pair\neg_neg\neg_neg_3.jpg,203.0000,195.0000,0.960591,0.0000,0.0000,neg,True,
neg_neg,neg_neg_4,C:\n.gonorrhea_diagnostic_app\dataset\pair\neg_neg\neg_neg_4.jpg,203.0000,195.0000,0.960591,0.0000,0.0000,neg,True,
neg_neg,neg_neg_5,C:\n.gonorrhea_diagnostic_app\dataset\pair\neg_neg\neg_neg_5.jpg,200.0000,201.0000,1.005000,0.0000,0.0000,neg,True,
neg_neg,neg_neg_6,C:\n.gonorrhea_diagnostic_app\dataset\pair\neg_neg\neg_neg_6.jpg,174.0000,173.0000,0.994253,0.0000,0.0000,neg,True,
neg_neg,neg_neg_7,C:\n.gonorrhea_diagnostic_app\dataset\pair\neg_neg\neg_neg_7.jpg,200.0000,206.0000,1.030000,0.0000,0.0000,neg,True,
neg_neg,neg_neg_8,C:\n.gonorrhea_diagnostic_app\dataset\pair\neg_neg\neg_neg_8.jpg,226.0000,229.0000,1.013274,0.0000,0.0002,neg,True,
neg_neg,neg_neg_9,C:\n.gonorrhea_diagnostic_app\dataset\pair\neg_neg\neg_neg_9.jpg,231.0000,227.0000,0.982684,0.0000,0.0000,neg,True,
neg_pos,pair_neg_pos_1,C:\n.gonorrhea_diagnostic_app\dataset\pair\neg_pos\pair_neg_pos_1.jpg,198.0000,240.0000,1.212121,0.0000,0.0014,pos,True,
neg_pos,pair_neg_pos_10,C:\n.gonorrhea_diagnostic_app\dataset\pair\neg_pos\pair_neg_pos_10.jpg,192.0000,239.0000,1.244792,0.0000,0.0087,pos,True,
neg_pos,pair_neg_pos_11,C:\n.gonorrhea_diagnostic_app\dataset\pair\neg_pos\pair_neg_pos_11.jpg,172.0000,229.0000,1.331395,0.0000,0.0021,pos,True,
neg_pos,pair_neg_pos_12,C:\n.gonorrhea_diagnostic_app\dataset\pair\neg_pos\pair_neg_pos_12.jpg,173.0000,230.0000,1.329480,0.0000,0.0023,pos,True,
neg_pos,pair_neg_pos_13,C:\n.gonorrhea_diagnostic_app\dataset\pair\neg_pos\pair_neg_pos_13.jpg,177.0000,241.0000,1.361582,0.0000,0.0130,pos,True,
neg_pos,pair_neg_pos_14,C:\n.gonorrhea_diagnostic_app\dataset\pair\neg_pos\pair_neg_pos_14.jpg,163.0000,220.0000,1.349693,0.0000,0.0001,pos,True,
neg_pos,pair_neg_pos_15,C:\n.gonorrhea_diagnostic_app\dataset\pair\neg_pos\pair_neg_pos_15.jpg,164.0000,220.0000,1.341463,0.0000,0.0000,pos,True,
neg_pos,pair_neg_pos_16,C:\n.gonorrhea_diagnostic_app\dataset\pair\neg_pos\pair_neg_pos_16.jpg,203.0000,248.0000,1.221675,0.0000,0.0187,pos,True,
neg_pos,pair_neg_pos_17,C:\n.gonorrhea_diagnostic_app\dataset\pair\neg_pos\pair_neg_pos_17.jpg,202.0000,241.0000,1.193069,0.0000,0.0103,pos,True,
neg_pos,pair_neg_pos_18,C:\n.gonorrhea_diagnostic_app\dataset\pair\neg_pos\pair_neg_pos_18.jpg,171.0000,231.0000,1.350877,0.0000,0.0007,pos,True,
neg_pos,pair_neg_pos_19,C:\n.gonorrhea_diagnostic_app\dataset\pair\neg_pos\pair_neg_pos_19.jpg,173.0000,228.0000,1.317919,0.0000,0.0000,pos,True,
neg_pos,pair_neg_pos_2,C:\n.gonorrhea_diagnostic_app\dataset\pair\neg_pos\pair_neg_pos_2.jpg,201.0000,241.0000,1.199005,0.0000,0.0009,pos,True,
neg_pos,pair_neg_pos_20,C:\n.gonorrhea_diagnostic_app\dataset\pair\neg_pos\pair_neg_pos_20.jpg,174.0000,232.0000,1.333333,0.0000,0.0009,pos,True,
neg_pos,pair_neg_pos_3,C:\n.gonorrhea_diagnostic_app\dataset\pair\neg_pos\pair_neg_pos_3.jpg,216.0000,241.0000,1.115741,0.0000,0.0118,neg,False,
neg_pos,pair_neg_pos_4,C:\n.gonorrhea_diagnostic_app\dataset\pair\neg_pos\pair_neg_pos_4.jpg,213.0000,243.0000,1.140845,0.0000,0.0152,pos,True,
neg_pos,pair_neg_pos_5,C:\n.gonorrhea_diagnostic_app\dataset\pair\neg_pos\pair_neg_pos_5.jpg,192.0000,233.0000,1.213542,0.0000,0.0064,pos,True,
neg_pos,pair_neg_pos_6,C:\n.gonorrhea_diagnostic_app\dataset\pair\neg_pos\pair_neg_pos_6.jpg,193.0000,234.0000,1.212435,0.0000,0.0050,pos,True,
neg_pos,pair_neg_pos_7,C:\n.gonorrhea_diagnostic_app\dataset\pair\neg_pos\pair_neg_pos_7.jpg,207.0000,240.0000,1.159420,0.0000,0.0056,pos,True,
neg_pos,pair_neg_pos_8,C:\n.gonorrhea_diagnostic_app\dataset\pair\neg_pos\pair_neg_pos_8.jpg,198.0000,239.0000,1.207071,0.0000,0.0057,pos,True,
neg_pos,pair_neg_pos_9,C:\n.gonorrhea_diagnostic_app\dataset\pair\neg_pos\pair_neg_pos_9.jpg,193.0000,240.0000,1.243523,0.0000,0.0131,pos,True,
