image_id,image_path,group,n_tube,n_roi,top_tube_conf,top_roi_conf,second_roi_conf,tube_conf_list,roi_conf_list
neg_neg_1,C:\n.gonorrhea_diagnostic_app\dataset\pair\neg_neg\neg_neg_1.jpg,pair_neg_neg,2,2,0.8464,0.8142,0.8082,0.8464;0.8168,0.8142;0.8082
neg_neg_10,C:\n.gonorrhea_diagnostic_app\dataset\pair\neg_neg\neg_neg_10.jpg,pair_neg_neg,2,2,0.8515,0.8043,0.7915,0.8515;0.8161,0.8043;0.7915
neg_neg_11,C:\n.gonorrhea_diagnostic_app\dataset\pair\neg_neg\neg_neg_11.jpg,pair_neg_neg,2,2,0.8580,0.7985,0.7146,0.8580;0.8330,0.7985;0.7146
neg_neg_12,C:\n.gonorrhea_diagnostic_app\dataset\pair\neg_neg\neg_neg_12.jpg,pair_neg_neg,2,2,0.8604,0.8053,0.7076,0.8604;0.8365,0.8053;0.7076
neg_neg_13,C:\n.gonorrhea_diagnostic_app\dataset\pair\neg_neg\neg_neg_13.jpg,pair_neg_neg,2,2,0.8761,0.8021,0.7912,0.8761;0.8556,0.8021;0.7912
neg_neg_14,C:\n.gonorrhea_diagnostic_app\dataset\pair\neg_neg\neg_neg_14.jpg,pair_neg_neg,2,2,0.8620,0.8047,0.8019,0.8620;0.8585,0.8047;0.8019
neg_neg_15,C:\n.gonorrhea_diagnostic_app\dataset\pair\neg_neg\neg_neg_15.jpg,pair_neg_neg,2,2,0.8684,0.8307,0.8184,0.8684;0.8484,0.8307;0.8184
neg_neg_16,C:\n.gonorrhea_diagnostic_app\dataset\pair\neg_neg\neg_neg_16.jpg,pair_neg_neg,2,2,0.8678,0.8304,0.8182,0.8678;0.8306,0.8304;0.8182
neg_neg_17,C:\n.gonorrhea_diagnostic_app\dataset\pair\neg_neg\neg_neg_17.jpg,pair_neg_neg,2,2,0.8597,0.8059,0.7914,0.8597;0.8352,0.8059;0.7914
neg_neg_18,C:\n.gonorrhea_diagnostic_app\dataset\pair\neg_neg\neg_neg_18.jpg,pair_neg_neg,2,2,0.8552,0.8052,0.8051,0.8552;0.8395,0.8052;0.8051
neg_neg_19,C:\n.gonorrhea_diagnostic_app\dataset\pair\neg_neg\neg_neg_19.jpg,pair_neg_neg,2,2,0.8857,0.7869,0.7734,0.8857;0.8520,0.7869;0.7734
neg_neg_2,C:\n.gonorrhea_diagnostic_app\dataset\pair\neg_neg\neg_neg_2.jpg,pair_neg_neg,2,2,0.8424,0.8097,0.7850,0.8424;0.8193,0.8097;0.7850
neg_neg_20,C:\n.gonorrhea_diagnostic_app\dataset\pair\neg_neg\neg_neg_20.jpg,pair_neg_neg,2,2,0.8844,0.7770,0.7703,0.8844;0.8473,0.7770;0.7703
neg_neg_21,C:\n.gonorrhea_diagnostic_app\dataset\pair\neg_neg\neg_neg_21.jpg,pair_neg_neg,2,2,0.8449,0.8196,0.8049,0.8449;0.8333,0.8196;0.8049
neg_neg_22,C:\n.gonorrhea_diagnostic_app\dataset\pair\neg_neg\neg_neg_22.jpg,pair_neg_neg,2,2,0.8460,0.8006,0.7992,0.8460;0.8419,0.8006;0.7992
neg_neg_23,C:\n.gonorrhea_diagnostic_app\dataset\pair\neg_neg\neg_neg_23.jpg,pair_neg_neg,2,2,0.8596,0.8087,0.8072,0.8596;0.8491,0.8087;0.8072
neg_neg_24,C:\n.gonorrhea_diagnostic_app\dataset\pair\neg_neg\neg_neg_24.jpg,pair_neg_neg,2,2,0.8632,0.7888,0.7716,0.8632;0.8523,0.7888;0.7716
neg_neg_25,C:\n.gonorrhea_diagnostic_app\dataset\pair\neg_neg\neg_neg_25.jpg,pair_neg_neg,2,2,0.8456,0.8041,0.6775,0.8456;0.8423,0.8041;0.6775
neg_neg_26,C:\n.gonorrhea_diagnostic_app\dataset\pair\neg_neg\neg_neg_26.jpg,pair_neg_neg,2,2,0.8731,0.8281,0.5502,0.8731;0.8538,0.8281;0.5502
neg_neg_3,C:\n.gonorrhea_diagnostic_app\dataset\pair\neg_neg\neg_neg_3.jpg,pair_neg_neg,2,2,0.8511,0.8117,0.8058,0.8511;0.8247,0.8117;0.8058
neg_neg_4,C:\n.gonorrhea_diagnostic_app\dataset\pair\neg_neg\neg_neg_4.jpg,pair_neg_neg,2,2,0.8545,0.8104,0.8072,0.8545;0.8300,0.8104;0.8072
neg_neg_5,C:\n.gonorrhea_diagnostic_app\dataset\pair\neg_neg\neg_neg_5.jpg,pair_neg_neg,2,2,0.8624,0.8138,0.7968,0.8624;0.8394,0.8138;0.7968
neg_neg_6,C:\n.gonorrhea_diagnostic_app\dataset\pair\neg_neg\neg_neg_6.jpg,pair_neg_neg,2,2,0.8619,0.8085,0.7978,0.8619;0.8408,0.8085;0.7978
neg_neg_7,C:\n.gonorrhea_diagnostic_app\dataset\pair\neg_neg\neg_neg_7.jpg,pair_neg_neg,2,2,0.8553,0.8166,0.8127,0.8553;0.8338,0.8166;0.8127
neg_neg_8,C:\n.gonorrhea_diagnostic_app\dataset\pair\neg_neg\neg_neg_8.jpg,pair_neg_neg,2,2,0.8549,0.8076,0.8052,0.8549;0.8440,0.8076;0.8052
neg_neg_9,C:\n.gonorrhea_diagnostic_app\dataset\pair\neg_neg\neg_neg_9.jpg,pair_neg_neg,2,2,0.8553,0.8123,0.7933,0.8553;0.8502,0.8123;0.7933
pair_neg_pos_1,C:\n.gonorrhea_diagnostic_app\dataset\pair\neg_pos\pair_neg_pos_1.jpg,pair_neg_pos,2,2,0.8676,0.8237,0.8207,0.8676;0.8392,0.8237;0.8207
pair_neg_pos_10,C:\n.gonorrhea_diagnostic_app\dataset\pair\neg_pos\pair_neg_pos_10.jpg,pair_neg_pos,2,2,0.8587,0.8126,0.8125,0.8587;0.8361,0.8126;0.8125
pair_neg_pos_11,C:\n.gonorrhea_diagnostic_app\dataset\pair\neg_pos\pair_neg_pos_11.jpg,pair_neg_pos,2,2,0.8414,0.8108,0.7987,0.8414;0.8351,0.8108;0.7987
pair_neg_pos_12,C:\n.gonorrhea_diagnostic_app\dataset\pair\neg_pos\pair_neg_pos_12.jpg,pair_neg_pos,2,2,0.8424,0.8216,0.8063,0.8424;0.8418,0.8216;0.8063
pair_neg_pos_13,C:\n.gonorrhea_diagnostic_app\dataset\pair\neg_pos\pair_neg_pos_13.jpg,pair_neg_pos,2,2,0.8621,0.8047,0.8046,0.8621;0.8371,0.8047;0.8046
pair_neg_pos_14,C:\n.gonorrhea_diagnostic_app\dataset\pair\neg_pos\pair_neg_pos_14.jpg,pair_neg_pos,2,2,0.8576,0.7920,0.7824,0.8576;0.8124,0.7920;0.7824
pair_neg_pos_15,C:\n.gonorrhea_diagnostic_app\dataset\pair\neg_pos\pair_neg_pos_15.jpg,pair_neg_pos,2,2,0.8582,0.7933,0.7877,0.8582;0.8091,0.7933;0.7877
pair_neg_pos_16,C:\n.gonorrhea_diagnostic_app\dataset\pair\neg_pos\pair_neg_pos_16.jpg,pair_neg_pos,2,2,0.8495,0.8302,0.7948,0.8495;0.8435,0.8302;0.7948
pair_neg_pos_17,C:\n.gonorrhea_diagnostic_app\dataset\pair\neg_pos\pair_neg_pos_17.jpg,pair_neg_pos,2,2,0.8453,0.8276,0.7965,0.8453;0.8409,0.8276;0.7965
pair_neg_pos_18,C:\n.gonorrhea_diagnostic_app\dataset\pair\neg_pos\pair_neg_pos_18.jpg,pair_neg_pos,2,2,0.8433,0.8016,0.7944,0.8433;0.8307,0.8016;0.7944
pair_neg_pos_19,C:\n.gonorrhea_diagnostic_app\dataset\pair\neg_pos\pair_neg_pos_19.jpg,pair_neg_pos,2,2,0.8462,0.8103,0.8032,0.8462;0.8284,0.8103;0.8032
pair_neg_pos_2,C:\n.gonorrhea_diagnostic_app\dataset\pair\neg_pos\pair_neg_pos_2.jpg,pair_neg_pos,2,2,0.8677,0.8264,0.8248,0.8677;0.8383,0.8264;0.8248
pair_neg_pos_20,C:\n.gonorrhea_diagnostic_app\dataset\pair\neg_pos\pair_neg_pos_20.jpg,pair_neg_pos,2,2,0.8657,0.8134,0.8036,0.8657;0.8373,0.8134;0.8036
pair_neg_pos_3,C:\n.gonorrhea_diagnostic_app\dataset\pair\neg_pos\pair_neg_pos_3.jpg,pair_neg_pos,2,2,0.8426,0.8289,0.8158,0.8426;0.8270,0.8289;0.8158
pair_neg_pos_4,C:\n.gonorrhea_diagnostic_app\dataset\pair\neg_pos\pair_neg_pos_4.jpg,pair_neg_pos,2,2,0.8484,0.8158,0.8157,0.8484;0.8462,0.8158;0.8157
pair_neg_pos_5,C:\n.gonorrhea_diagnostic_app\dataset\pair\neg_pos\pair_neg_pos_5.jpg,pair_neg_pos,2,2,0.8639,0.8342,0.7820,0.8639;0.8511,0.8342;0.7820
pair_neg_pos_6,C:\n.gonorrhea_diagnostic_app\dataset\pair\neg_pos\pair_neg_pos_6.jpg,pair_neg_pos,2,2,0.8666,0.8315,0.7753,0.8666;0.8568,0.8315;0.7753
pair_neg_pos_7,C:\n.gonorrhea_diagnostic_app\dataset\pair\neg_pos\pair_neg_pos_7.jpg,pair_neg_pos,2,2,0.8568,0.8197,0.8033,0.8568;0.8502,0.8197;0.8033
pair_neg_pos_8,C:\n.gonorrhea_diagnostic_app\dataset\pair\neg_pos\pair_neg_pos_8.jpg,pair_neg_pos,2,2,0.8563,0.8129,0.8041,0.8563;0.8471,0.8129;0.8041
pair_neg_pos_9,C:\n.gonorrhea_diagnostic_app\dataset\pair\neg_pos\pair_neg_pos_9.jpg,pair_neg_pos,2,2,0.8521,0.8091,0.8029,0.8521;0.8327,0.8091;0.8029
blur_neg_1_1,C:\n.gonorrhea_diagnostic_app\dataset\qc_test\error_blur\blur_neg_1_1.jpg,qc_blur,1,1,0.8618,0.8011,0.0000,0.8618,0.8011
blur_neg_1_2,C:\n.gonorrhea_diagnostic_app\dataset\qc_test\error_blur\blur_neg_1_2.jpg,qc_blur,1,1,0.8667,0.8101,0.0000,0.8667,0.8101
blur_neg_2_1,C:\n.gonorrhea_diagnostic_app\dataset\qc_test\error_blur\blur_neg_2_1.jpg,qc_blur,1,1,0.8647,0.8008,0.0000,0.8647,0.8008
blur_neg_2_2,C:\n.gonorrhea_diagnostic_app\dataset\qc_test\error_blur\blur_neg_2_2.jpg,qc_blur,1,1,0.8664,0.7973,0.0000,0.8664,0.7973
blur_neg_3_1,C:\n.gonorrhea_diagnostic_app\dataset\qc_test\error_blur\blur_neg_3_1.jpg,qc_blur,1,1,0.8604,0.8299,0.0000,0.8604,0.8299
blur_neg_3_2,C:\n.gonorrhea_diagnostic_app\dataset\qc_test\error_blur\blur_neg_3_2.jpg,qc_blur,1,1,0.8628,0.7422,0.0000,0.8628,0.7422
blur_neg_4_1,C:\n.gonorrhea_diagnostic_app\dataset\qc_test\error_blur\blur_neg_4_1.jpg,qc_blur,1,1,0.8736,0.8099,0.0000,0.8736,0.8099
blur_neg_4_2,C:\n.gonorrhea_diagnostic_app\dataset\qc_test\error_blur\blur_neg_4_2.jpg,qc_blur,1,1,0.8596,0.7575,0.0000,0.8596,0.7575
blur_neg_5_1,C:\n.gonorrhea_diagnostic_app\dataset\qc_test\error_blur\blur_neg_5_1.jpg,qc_blur,1,1,0.8561,0.8026,0.0000,0.8561,0.8026
blur_neg_5_2,C:\n.gonorrhea_diagnostic_app\dataset\qc_test\error_blur\blur_neg_5_2.jpg,qc_blur,1,1,0.8141,0.7278,0.0000,0.8141,0.7278
blur_pos_1_1,C:\n.gonorrhea_diagnostic_app\dataset\qc_test\error_blur\blur_pos_1_1.jpg,qc_blur,1,1,0.8515,0.8077,0.0000,0.8515,0.8077
blur_pos_1_2,C:\n.gonorrhea_diagnostic_app\dataset\qc_test\error_blur\blur_pos_1_2.jpg,qc_blur,1,2,0.8058,0.7574,0.4256,0.8058,0.7574;0.4256
blur_pos_2_1,C:\n.gonorrhea_diagnostic_app\dataset\qc_test\error_blur\blur_pos_2_1.jpg,qc_blur,1,1,0.8642,0.8209,0.0000,0.8642,0.8209
blur_pos_2_2,C:\n.gonorrhea_diagnostic_app\dataset\qc_test\error_blur\blur_pos_2_2.jpg,qc_blur,1,1,0.8655,0.8139,0.0000,0.8655,0.8139
blur_pos_3_1,C:\n.gonorrhea_diagnostic_app\dataset\qc_test\error_blur\blur_pos_3_1.jpg,qc_blur,1,1,0.8407,0.7799,0.0000,0.8407,0.7799
blur_pos_3_2,C:\n.gonorrhea_diagnostic_app\dataset\qc_test\error_blur\blur_pos_3_2.jpg,qc_blur,1,1,0.8751,0.8217,0.0000,0.8751,0.8217
blur_pos_4_1,C:\n.gonorrhea_diagnostic_app\dataset\qc_test\error_blur\blur_pos_4_1.jpg,qc_blur,1,1,0.8309,0.8326,0.0000,0.8309,0.8326
blur_pos_4_2,C:\n.gonorrhea_diagnostic_app\dataset\qc_test\error_blur\blur_pos_4_2.jpg,qc_blur,1,1,0.8451,0.8458,0.0000,0.8451,0.8458
blur_pos_5_1,C:\n.gonorrhea_diagnostic_app\dataset\qc_test\error_blur\blur_pos_5_1.jpg,qc_blur,1,1,0.8645,0.8146,0.0000,0.8645,0.8146
blur_pos_5_2,C:\n.gonorrhea_diagnostic_app\dataset\qc_test\error_blur\blur_pos_5_2.jpg,qc_blur,1,1,0.8510,0.8063,0.0000,0.8510,0.8063
light_1,C:\n.gonorrhea_diagnostic_app\dataset\qc_test\error_light\light_1.jpg,qc_light,1,1,0.7242,0.3295,0.0000,0.7242,0.3295
light_10,C:\n.gonorrhea_diagnostic_app\dataset\qc_test\error_light\light_10.jpg,qc_light,1,1,0.9076,0.8040,0.0000,0.9076,0.8040
light_11,C:\n.gonorrhea_diagnostic_app\dataset\qc_test\error_light\light_11.jpg,qc_light,1,1,0.8650,0.8246,0.0000,0.8650,0.8246
light_12,C:\n.gonorrhea_diagnostic_app\dataset\qc_test\error_light\light_12.jpg,qc_light,1,1,0.8839,0.8260,0.0000,0.8839,0.8260
light_13,C:\n.gonorrhea_diagnostic_app\dataset\qc_test\error_light\light_13.jpg,qc_light,1,1,0.8487,0.8309,0.0000,0.8487,0.8309
light_14,C:\n.gonorrhea_diagnostic_app\dataset\qc_test\error_light\light_14.jpg,qc_light,1,1,0.8509,0.8307,0.0000,0.8509,0.8307
light_15,C:\n.gonorrhea_diagnostic_app\dataset\qc_test\error_light\light_15.jpg,qc_light,1,1,0.8688,0.8180,0.0000,0.8688,0.8180
light_16,C:\n.gonorrhea_diagnostic_app\dataset\qc_test\error_light\light_16.jpg,qc_light,1,1,0.8790,0.8175,0.0000,0.8790,0.8175
light_17,C:\n.gonorrhea_diagnostic_app\dataset\qc_test\error_light\light_17.jpg,qc_light,1,1,0.8539,0.8048,0.0000,0.8539,0.8048
light_18,C:\n.gonorrhea_diagnostic_app\dataset\qc_test\error_light\light_18.jpg,qc_light,1,1,0.8487,0.8337,0.0000,0.8487,0.8337
light_19,C:\n.gonorrhea_diagnostic_app\dataset\qc_test\error_light\light_19.jpg,qc_light,1,1,0.8699,0.8353,0.0000,0.8699,0.8353
light_2,C:\n.gonorrhea_diagnostic_app\dataset\qc_test\error_light\light_2.jpg,qc_light,1,1,0.8494,0.8123,0.0000,0.8494,0.8123
light_20,C:\n.gonorrhea_diagnostic_app\dataset\qc_test\error_light\light_20.jpg,qc_light,1,1,0.8724,0.7927,0.0000,0.8724,0.7927
light_3,C:\n.gonorrhea_diagnostic_app\dataset\qc_test\error_light\light_3.jpg,qc_light,1,1,0.8580,0.8244,0.0000,0.8580,0.8244
light_4,C:\n.gonorrhea_diagnostic_app\dataset\qc_test\error_light\light_4.jpg,qc_light,1,1,0.8748,0.8211,0.0000,0.8748,0.8211
light_5,C:\n.gonorrhea_diagnostic_app\dataset\qc_test\error_light\light_5.jpg,qc_light,1,1,0.8367,0.8315,0.0000,0.8367,0.8315
light_6,C:\n.gonorrhea_diagnostic_app\dataset\qc_test\error_light\light_6.jpg,qc_light,1,1,0.8404,0.8219,0.0000,0.8404,0.8219
light_7,C:\n.gonorrhea_diagnostic_app\dataset\qc_test\error_light\light_7.jpg,qc_light,0,1,0.0000,0.8123,0.0000,,0.8123
light_8,C:\n.gonorrhea_diagnostic_app\dataset\qc_test\error_light\light_8.jpg,qc_light,1,1,0.7851,0.8171,0.0000,0.7851,0.8171
light_9,C:\n.gonorrhea_diagnostic_app\dataset\qc_test\error_light\light_9.jpg,qc_light,1,1,0.8947,0.8176,0.0000,0.8947,0.8176
splash__neg_2_1,C:\n.gonorrhea_diagnostic_app\dataset\qc_test\error_splash\splash__neg_2_1.jpg,qc_splash,1,0,0.8461,0.0000,0.0000,0.8461,
splash_neg_1_1,C:\n.gonorrhea_diagnostic_app\dataset\qc_test\error_splash\splash_neg_1_1.jpg,qc_splash,1,1,0.8546,0.6939,0.0000,0.8546,0.6939
splash_neg_1_2,C:\n.gonorrhea_diagnostic_app\dataset\qc_test\error_splash\splash_neg_1_2.jpg,qc_splash,1,1,0.8572,0.7103,0.0000,0.8572,0.7103
splash_neg_2_2,C:\n.gonorrhea_diagnostic_app\dataset\qc_test\error_splash\splash_neg_2_2.jpg,qc_splash,1,0,0.8434,0.0000,0.0000,0.8434,
splash_neg_3_1,C:\n.gonorrhea_diagnostic_app\dataset\qc_test\error_splash\splash_neg_3_1.jpg,qc_splash,1,0,0.8684,0.0000,0.0000,0.8684,
splash_neg_3_2,C:\n.gonorrhea_diagnostic_app\dataset\qc_test\error_splash\splash_neg_3_2.jpg,qc_splash,1,0,0.8676,0.0000,0.0000,0.8676,
splash_neg_4_1,C:\n.gonorrhea_diagnostic_app\dataset\qc_test\error_splash\splash_neg_4_1.jpg,qc_splash,1,0,0.8251,0.0000,0.0000,0.8251,
splash_neg_4_2,C:\n.gonorrhea_diagnostic_app\dataset\qc_test\error_splash\splash_neg_4_2.jpg,qc_splash,1,0,0.8229,0.0000,0.0000,0.8229,
splash_neg_5_1,C:\n.gonorrhea_diagnostic_app\dataset\qc_test\error_splash\splash_neg_5_1.jpg,qc_splash,1,0,0.8364,0.0000,0.0000,0.8364,
splash_neg_5_2,C:\n.gonorrhea_diagnostic_app\dataset\qc_test\error_splash\splash_neg_5_2.jpg,qc_splash,1,0,0.8606,0.0000,0.0000,0.8606,
splash_pos_1_1,C:\n.gonorrhea_diagnostic_app\dataset\qc_test\error_splash\splash_pos_1_1.jpg,qc_splash,1,0,0.8505,0.0000,0.0000,0.8505,
splash_pos_1_2,C:\n.gonorrhea_diagnostic_app\dataset\qc_test\error_splash\splash_pos_1_2.jpg,qc_splash,1,0,0.8409,0.0000,0.0000,0.8409,
splash_pos_2_1,C:\n.gonorrhea_diagnostic_app\dataset\qc_test\error_splash\splash_pos_2_1.jpg,qc_splash,1,1,0.8652,0.6022,0.0000,0.8652,0.6022
splash_pos_2_2,C:\n.gonorrhea_diagnostic_app\dataset\qc_test\error_splash\splash_pos_2_2.jpg,qc_splash,1,1,0.8661,0.6236,0.0000,0.8661,0.6236
splash_pos_3_1,C:\n.gonorrhea_diagnostic_app\dataset\qc_test\error_splash\splash_pos_3_1.jpg,qc_splash,1,1,0.8580,0.7421,0.0000,0.8580,0.7421
splash_pos_3_2,C:\n.gonorrhea_diagnostic_app\dataset\qc_test\error_splash\splash_pos_3_2.jpg,qc_splash,1,1,0.8585,0.7592,0.0000,0.8585,0.7592
splash_pos_4_1,C:\n.gonorrhea_diagnostic_app\dataset\qc_test\error_splash\splash_pos_4_1.jpg,qc_splash,1,0,0.8552,0.0000,0.0000,0.8552,
splash_pos_4_2,C:\n.gonorrhea_diagnostic_app\dataset\qc_test\error_splash\splash_pos_4_2.jpg,qc_splash,1,0,0.8573,0.0000,0.0000,0.8573,
splash_pos_5_1,C:\n.gonorrhea_diagnostic_app\dataset\qc_test\error_splash\splash_pos_5_1.jpg,qc_splash,1,0,0.8600,0.0000,0.0000,0.8600,
splash_pos_5_2,C:\n.gonorrhea_diagnostic_app\dataset\qc_test\error_splash\splash_pos_5_2.jpg,qc_splash,1,0,0.8603,0.0000,0.0000,0.8603,
solo_test_neg_blue_1,C:\n.gonorrhea_diagnostic_app\dataset\solo\test\neg\solo_test_neg_blue_1.jpg,solo,1,1,0.8435,0.8185,0.0000,0.8435,0.8185
solo_test_neg_blue_2,C:\n.gonorrhea_diagnostic_app\dataset\solo\test\neg\solo_test_neg_blue_2.jpg,solo,1,1,0.8440,0.8029,0.0000,0.8440,0.8029
solo_test_neg_neg_2x_01,C:\n.gonorrhea_diagnostic_app\dataset\solo\test\neg\solo_test_neg_neg_2x_01.jpg,solo,1,1,0.8435,0.8185,0.0000,0.8435,0.8185
solo_test_neg_neg_2x_02,C:\n.gonorrhea_diagnostic_app\dataset\solo\test\neg\solo_test_neg_neg_2x_02.jpg,solo,1,1,0.8440,0.8029,0.0000,0.8440,0.8029
solo_test_neg_r_0,C:\n.gonorrhea_diagnostic_app\dataset\solo\test\neg\solo_test_neg_r_0.jpg,solo,1,1,0.8440,0.8029,0.0000,0.8440,0.8029
solo_test_neg_tube_1_1,C:\n.gonorrhea_diagnostic_app\dataset\solo\test\neg\solo_test_neg_tube_1_1.jpg,solo,1,1,0.8560,0.8195,0.0000,0.8560,0.8195
solo_test_neg_tube_1_2,C:\n.gonorrhea_diagnostic_app\dataset\solo\test\neg\solo_test_neg_tube_1_2.jpg,solo,1,1,0.8446,0.8256,0.0000,0.8446,0.8256
solo_test_neg_tube_2_1,C:\n.gonorrhea_diagnostic_app\dataset\solo\test\neg\solo_test_neg_tube_2_1.jpg,solo,1,1,0.8571,0.8108,0.0000,0.8571,0.8108
solo_test_neg_tube_2_2,C:\n.gonorrhea_diagnostic_app\dataset\solo\test\neg\solo_test_neg_tube_2_2.jpg,solo,1,1,0.8471,0.7978,0.0000,0.8471,0.7978
solo_test_neg_tube_3_1,C:\n.gonorrhea_diagnostic_app\dataset\solo\test\neg\solo_test_neg_tube_3_1.jpg,solo,1,1,0.8362,0.8157,0.0000,0.8362,0.8157
solo_test_neg_tube_3_2,C:\n.gonorrhea_diagnostic_app\dataset\solo\test\neg\solo_test_neg_tube_3_2.jpg,solo,1,1,0.8359,0.8190,0.0000,0.8359,0.8190
solo_test_neg_tube_4_1,C:\n.gonorrhea_diagnostic_app\dataset\solo\test\neg\solo_test_neg_tube_4_1.jpg,solo,1,1,0.8609,0.8184,0.0000,0.8609,0.8184
solo_test_neg_tube_4_2,C:\n.gonorrhea_diagnostic_app\dataset\solo\test\neg\solo_test_neg_tube_4_2.jpg,solo,1,1,0.8640,0.8230,0.0000,0.8640,0.8230
solo_test_neg_tube_5_1,C:\n.gonorrhea_diagnostic_app\dataset\solo\test\neg\solo_test_neg_tube_5_1.jpg,solo,1,1,0.8351,0.7819,0.0000,0.8351,0.7819
solo_test_neg_tube_5_2,C:\n.gonorrhea_diagnostic_app\dataset\solo\test\neg\solo_test_neg_tube_5_2.jpg,solo,1,1,0.8344,0.8001,0.0000,0.8344,0.8001
solo_test_pos_2x_01,C:\n.gonorrhea_diagnostic_app\dataset\solo\test\pos\solo_test_pos_2x_01.jpg,solo,1,1,0.8536,0.8182,0.0000,0.8536,0.8182
solo_test_pos_2x_02,C:\n.gonorrhea_diagnostic_app\dataset\solo\test\pos\solo_test_pos_2x_02.jpg,solo,1,1,0.8618,0.8183,0.0000,0.8618,0.8183
solo_test_pos_blue_1,C:\n.gonorrhea_diagnostic_app\dataset\solo\test\pos\solo_test_pos_blue_1.jpg,solo,1,1,0.8536,0.8182,0.0000,0.8536,0.8182
solo_test_pos_blue_2,C:\n.gonorrhea_diagnostic_app\dataset\solo\test\pos\solo_test_pos_blue_2.jpg,solo,1,1,0.8618,0.8183,0.0000,0.8618,0.8183
solo_test_pos_r_0_1,C:\n.gonorrhea_diagnostic_app\dataset\solo\test\pos\solo_test_pos_r_0_1.jpg,solo,1,1,0.8618,0.8183,0.0000,0.8618,0.8183
solo_test_pos_tube_1_1,C:\n.gonorrhea_diagnostic_app\dataset\solo\test\pos\solo_test_pos_tube_1_1.jpg,solo,1,1,0.8335,0.8062,0.0000,0.8335,0.8062
solo_test_pos_tube_1_2,C:\n.gonorrhea_diagnostic_app\dataset\solo\test\pos\solo_test_pos_tube_1_2.jpg,solo,1,1,0.8340,0.7953,0.0000,0.8340,0.7953
solo_test_pos_tube_2_1,C:\n.gonorrhea_diagnostic_app\dataset\solo\test\pos\solo_test_pos_tube_2_1.jpg,solo,1,1,0.8322,0.8158,0.0000,0.8322,0.8158
solo_test_pos_tube_2_2,C:\n.gonorrhea_diagnostic_app\dataset\solo\test\pos\solo_test_pos_tube_2_2.jpg,solo,1,1,0.8528,0.8332,0.0000,0.8528,0.8332
solo_test_pos_tube_3_1,C:\n.gonorrhea_diagnostic_app\dataset\solo\test\pos\solo_test_pos_tube_3_1.jpg,solo,1,1,0.8667,0.8239,0.0000,0.8667,0.8239
solo_test_pos_tube_3_2,C:\n.gonorrhea_diagnostic_app\dataset\solo\test\pos\solo_test_pos_tube_3_2.jpg,solo,1,1,0.8604,0.8223,0.0000,0.8604,0.8223
solo_test_pos_tube_4_1,C:\n.gonorrhea_diagnostic_app\dataset\solo\test\pos\solo_test_pos_tube_4_1.jpg,solo,1,1,0.8316,0.8287,0.0000,0.8316,0.8287
solo_test_pos_tube_4_2,C:\n.gonorrhea_diagnostic_app\dataset\solo\test\pos\solo_test_pos_tube_4_2.jpg,solo,1,1,0.8368,0.8192,0.0000,0.8368,0.8192
solo_test_pos_tube_5_1,C:\n.gonorrhea_diagnostic_app\dataset\solo\test\pos\solo_test_pos_tube_5_1.jpg,solo,1,1,0.8144,0.7943,0.0000,0.8144,0.7943
solo_test_pos_tube_5_2,C:\n.gonorrhea_diagnostic_app\dataset\solo\test\pos\solo_test_pos_tube_5_2.jpg,solo,1,1,0.8388,0.8243,0.0000,0.8388,0.8243
solo_train_neg_1,C:\n.gonorrhea_diagnostic_app\dataset\solo\train\neg\solo_train_neg_1.jpg,solo,1,1,0.8520,0.8103,0.0000,0.8520,0.8103
solo_train_neg_10,C:\n.gonorrhea_diagnostic_app\dataset\solo\train\neg\solo_train_neg_10.jpg,solo,1,1,0.8566,0.8187,0.0000,0.8566,0.8187
solo_train_neg_11,C:\n.gonorrhea_diagnostic_app\dataset\solo\train\neg\solo_train_neg_11.jpg,solo,1,1,0.8587,0.8147,0.0000,0.8587,0.8147
solo_train_neg_12,C:\n.gonorrhea_diagnostic_app\dataset\solo\train\neg\solo_train_neg_12.jpg,solo,1,1,0.8426,0.8104,0.0000,0.8426,0.8104
solo_train_neg_13,C:\n.gonorrhea_diagnostic_app\dataset\solo\train\neg\solo_train_neg_13.jpg,solo,1,1,0.8555,0.8115,0.0000,0.8555,0.8115
solo_train_neg_14,C:\n.gonorrhea_diagnostic_app\dataset\solo\train\neg\solo_train_neg_14.jpg,solo,1,1,0.8629,0.8088,0.0000,0.8629,0.8088
solo_train_neg_15,C:\n.gonorrhea_diagnostic_app\dataset\solo\train\neg\solo_train_neg_15.jpg,solo,1,1,0.8602,0.8398,0.0000,0.8602,0.8398
solo_train_neg_16,C:\n.gonorrhea_diagnostic_app\dataset\solo\train\neg\solo_train_neg_16.jpg,solo,1,1,0.8402,0.8233,0.0000,0.8402,0.8233
solo_train_neg_17,C:\n.gonorrhea_diagnostic_app\dataset\solo\train\neg\solo_train_neg_17.jpg,solo,1,1,0.8336,0.8134,0.0000,0.8336,0.8134
solo_train_neg_18,C:\n.gonorrhea_diagnostic_app\dataset\solo\train\neg\solo_train_neg_18.jpg,solo,1,1,0.8673,0.8316,0.0000,0.8673,0.8316
solo_train_neg_19,C:\n.gonorrhea_diagnostic_app\dataset\solo\train\neg\solo_train_neg_19.jpg,solo,1,1,0.8359,0.8222,0.0000,0.8359,0.8222
solo_train_neg_2,C:\n.gonorrhea_diagnostic_app\dataset\solo\train\neg\solo_train_neg_2.jpg,solo,1,1,0.8525,0.8132,0.0000,0.8525,0.8132
solo_train_neg_20,C:\n.gonorrhea_diagnostic_app\dataset\solo\train\neg\solo_train_neg_20.jpg,solo,1,1,0.8348,0.8177,0.0000,0.8348,0.8177
solo_train_neg_21,C:\n.gonorrhea_diagnostic_app\dataset\solo\train\neg\solo_train_neg_21.jpg,solo,1,1,0.8553,0.8056,0.0000,0.8553,0.8056
solo_train_neg_22,C:\n.gonorrhea_diagnostic_app\dataset\solo\train\neg\solo_train_neg_22.jpg,solo,1,1,0.8430,0.8180,0.0000,0.8430,0.8180
solo_train_neg_23,C:\n.gonorrhea_diagnostic_app\dataset\solo\train\neg\solo_train_neg_23.jpg,solo,1,1,0.8361,0.8271,0.0000,0.8361,0.8271
solo_train_neg_24,C:\n.gonorrhea_diagnostic_app\dataset\solo\train\neg\solo_train_neg_24.jpg,solo,1,1,0.8308,0.8268,0.0000,0.8308,0.8268
solo_train_neg_25,C:\n.gonorrhea_diagnostic_app\dataset\solo\train\neg\solo_train_neg_25.jpg,solo,1,1,0.8392,0.8057,0.0000,0.8392,0.8057
solo_train_neg_26,C:\n.gonorrhea_diagnostic_app\dataset\solo\train\neg\solo_train_neg_26.jpg,solo,1,1,0.8453,0.8016,0.0000,0.8453,0.8016
solo_train_neg_27,C:\n.gonorrhea_diagnostic_app\dataset\solo\train\neg\solo_train_neg_27.jpg,solo,1,1,0.8620,0.8001,0.0000,0.8620,0.8001
solo_train_neg_28,C:\n.gonorrhea_diagnostic_app\dataset\solo\train\neg\solo_train_neg_28.jpg,solo,1,1,0.8609,0.7940,0.0000,0.8609,0.7940
solo_train_neg_29,C:\n.gonorrhea_diagnostic_app\dataset\solo\train\neg\solo_train_neg_29.jpg,solo,1,1,0.8218,0.7998,0.0000,0.8218,0.7998
solo_train_neg_3,C:\n.gonorrhea_diagnostic_app\dataset\solo\train\neg\solo_train_neg_3.jpg,solo,1,1,0.8467,0.8101,0.0000,0.8467,0.8101
solo_train_neg_30,C:\n.gonorrhea_diagnostic_app\dataset\solo\train\neg\solo_train_neg_30.jpg,solo,1,1,0.8232,0.7988,0.0000,0.8232,0.7988
solo_train_neg_31,C:\n.gonorrhea_diagnostic_app\dataset\solo\train\neg\solo_train_neg_31.jpg,solo,1,1,0.8584,0.8130,0.0000,0.8584,0.8130
solo_train_neg_32,C:\n.gonorrhea_diagnostic_app\dataset\solo\train\neg\solo_train_neg_32.jpg,solo,1,1,0.8567,0.8172,0.0000,0.8567,0.8172
solo_train_neg_33,C:\n.gonorrhea_diagnostic_app\dataset\solo\train\neg\solo_train_neg_33.jpg,solo,1,1,0.8441,0.8177,0.0000,0.8441,0.8177
solo_train_neg_34,C:\n.gonorrhea_diagnostic_app\dataset\solo\train\neg\solo_train_neg_34.jpg,solo,1,1,0.8285,0.8204,0.0000,0.8285,0.8204
solo_train_neg_35,C:\n.gonorrhea_diagnostic_app\dataset\solo\train\neg\solo_train_neg_35.jpg,solo,1,1,0.8252,0.8095,0.0000,0.8252,0.8095
solo_train_neg_36,C:\n.gonorrhea_diagnostic_app\dataset\solo\train\neg\solo_train_neg_36.jpg,solo,1,1,0.8271,0.8096,0.0000,0.8271,0.8096
solo_train_neg_37,C:\n.gonorrhea_diagnostic_app\dataset\solo\train\neg\solo_train_neg_37.jpg,solo,1,1,0.8437,0.8053,0.0000,0.8437,0.8053
solo_train_neg_38,C:\n.gonorrhea_diagnostic_app\dataset\solo\train\neg\solo_train_neg_38.jpg,solo,1,1,0.8469,0.8030,0.0000,0.8469,0.8030
solo_train_neg_39,C:\n.gonorrhea_diagnostic_app\dataset\solo\train\neg\solo_train_neg_39.jpg,solo,1,1,0.8654,0.8107,0.0000,0.8654,0.8107
solo_train_neg_4,C:\n.gonorrhea_diagnostic_app\dataset\solo\train\neg\solo_train_neg_4.jpg,solo,1,1,0.8447,0.8047,0.0000,0.8447,0.8047
solo_train_neg_40,C:\n.gonorrhea_diagnostic_app\dataset\solo\train\neg\solo_train_neg_40.jpg,solo,1,1,0.8668,0.8129,0.0000,0.8668,0.8129
solo_train_neg_5,C:\n.gonorrhea_diagnostic_app\dataset\solo\train\neg\solo_train_neg_5.jpg,solo,1,1,0.8319,0.8147,0.0000,0.8319,0.8147
solo_train_neg_6,C:\n.gonorrhea_diagnostic_app\dataset\solo\train\neg\solo_train_neg_6.jpg,solo,1,1,0.8413,0.8125,0.0000,0.8413,0.8125
solo_train_neg_7,C:\n.gonorrhea_diagnostic_app\dataset\solo\train\neg\solo_train_neg_7.jpg,solo,1,1,0.8357,0.8188,0.0000,0.8357,0.8188
solo_train_neg_8,C:\n.gonorrhea_diagnostic_app\dataset\solo\train\neg\solo_train_neg_8.jpg,solo,1,1,0.8357,0.8182,0.0000,0.8357,0.8182
solo_train_neg_9,C:\n.gonorrhea_diagnostic_app\dataset\solo\train\neg\solo_train_neg_9.jpg,solo,1,1,0.8492,0.8088,0.0000,0.8492,0.8088
solo_train_pos_1,C:\n.gonorrhea_diagnostic_app\dataset\solo\train\pos\solo_train_pos_1.jpg,solo,1,1,0.8525,0.8298,0.0000,0.8525,0.8298
solo_train_pos_10,C:\n.gonorrhea_diagnostic_app\dataset\solo\train\pos\solo_train_pos_10.jpg,solo,1,1,0.8183,0.8135,0.0000,0.8183,0.8135
solo_train_pos_11,C:\n.gonorrhea_diagnostic_app\dataset\solo\train\pos\solo_train_pos_11.jpg,solo,1,1,0.8353,0.8184,0.0000,0.8353,0.8184
solo_train_pos_12,C:\n.gonorrhea_diagnostic_app\dataset\solo\train\pos\solo_train_pos_12.jpg,solo,1,1,0.8310,0.8218,0.0000,0.8310,0.8218
solo_train_pos_13,C:\n.gonorrhea_diagnostic_app\dataset\solo\train\pos\solo_train_pos_13.jpg,solo,1,1,0.8391,0.8296,0.0000,0.8391,0.8296
solo_train_pos_14,C:\n.gonorrhea_diagnostic_app\dataset\solo\train\pos\solo_train_pos_14.jpg,solo,1,1,0.8379,0.8297,0.0000,0.8379,0.8297
solo_train_pos_15,C:\n.gonorrhea_diagnostic_app\dataset\solo\train\pos\solo_train_pos_15.jpg,solo,1,1,0.8328,0.8231,0.0000,0.8328,0.8231
solo_train_pos_16,C:\n.gonorrhea_diagnostic_app\dataset\solo\train\pos\solo_train_pos_16.jpg,solo,1,1,0.8347,0.8219,0.0000,0.8347,0.8219
solo_train_pos_17,C:\n.gonorrhea_diagnostic_app\dataset\solo\train\pos\solo_train_pos_17.jpg,solo,1,1,0.8348,0.8143,0.0000,0.8348,0.8143
solo_train_pos_18,C:\n.gonorrhea_diagnostic_app\dataset\solo\train\pos\solo_train_pos_18.jpg,solo,1,1,0.8415,0.8164,0.0000,0.8415,0.8164
solo_train_pos_19,C:\n.gonorrhea_diagnostic_app\dataset\solo\train\pos\solo_train_pos_19.jpg,solo,1,1,0.8533,0.8340,0.0000,0.8533,0.8340
solo_train_pos_2,C:\n.gonorrhea_diagnostic_app\dataset\solo\train\pos\solo_train_pos_2.jpg,solo,1,1,0.8524,0.8108,0.0000,0.8524,0.8108
solo_train_pos_20,C:\n.gonorrhea_diagnostic_app\dataset\solo\train\pos\solo_train_pos_20.jpg,solo,1,1,0.8511,0.8318,0.0000,0.8511,0.8318
solo_train_pos_21,C:\n.gonorrhea_diagnostic_app\dataset\solo\train\pos\solo_train_pos_21.jpg,solo,1,1,0.8748,0.8263,0.0000,0.8748,0.8263
solo_train_pos_22,C:\n.gonorrhea_diagnostic_app\dataset\solo\train\pos\solo_train_pos_22.jpg,solo,1,1,0.8484,0.8077,0.0000,0.8484,0.8077
solo_train_pos_23,C:\n.gonorrhea_diagnostic_app\dataset\solo\train\pos\solo_train_pos_23.jpg,solo,1,1,0.8423,0.8162,0.0000,0.8423,0.8162
solo_train_pos_24,C:\n.gonorrhea_diagnostic_app\dataset\solo\train\pos\solo_train_pos_24.jpg,solo,1,1,0.8282,0.8170,0.0000,0.8282,0.8170
solo_train_pos_25,C:\n.gonorrhea_diagnostic_app\dataset\solo\train\pos\solo_train_pos_25.jpg,solo,1,1,0.8273,0.8134,0.0000,0.8273,0.8134
solo_train_pos_26,C:\n.gonorrhea_diagnostic_app\dataset\solo\train\pos\solo_train_pos_26.jpg,solo,1,1,0.8403,0.8158,0.0000,0.8403,0.8158
solo_train_pos_27,C:\n.gonorrhea_diagnostic_app\dataset\solo\train\pos\solo_train_pos_27.jpg,solo,1,1,0.8262,0.8180,0.0000,0.8262,0.8180
solo_train_pos_28,C:\n.gonorrhea_diagnostic_app\dataset\solo\train\pos\solo_train_pos_28.jpg,solo,1,1,0.8329,0.8240,0.0000,0.8329,0.8240
solo_train_pos_29,C:\n.gonorrhea_diagnostic_app\dataset\solo\train\pos\solo_train_pos_29.jpg,solo,1,1,0.8327,0.8184,0.0000,0.8327,0.8184
solo_train_pos_3,C:\n.gonorrhea_diagnostic_app\dataset\solo\train\pos\solo_train_pos_3.jpg,solo,1,1,0.8410,0.8073,0.0000,0.8410,0.8073
solo_train_pos_30,C:\n.gonorrhea_diagnostic_app\dataset\solo\train\pos\solo_train_pos_30.jpg,solo,1,1,0.8273,0.8200,0.0000,0.8273,0.8200
solo_train_pos_31,C:\n.gonorrhea_diagnostic_app\dataset\solo\train\pos\solo_train_pos_31.jpg,solo,1,1,0.8467,0.8248,0.0000,0.8467,0.8248
solo_train_pos_32,C:\n.gonorrhea_diagnostic_app\dataset\solo\train\pos\solo_train_pos_32.jpg,solo,1,1,0.8316,0.8146,0.0000,0.8316,0.8146
solo_train_pos_33,C:\n.gonorrhea_diagnostic_app\dataset\solo\train\pos\solo_train_pos_33.jpg,solo,1,1,0.8305,0.8193,0.0000,0.8305,0.8193
solo_train_pos_34,C:\n.gonorrhea_diagnostic_app\dataset\solo\train\pos\solo_train_pos_34.jpg,solo,1,1,0.8479,0.8229,0.0000,0.8479,0.8229
solo_train_pos_35,C:\n.gonorrhea_diagnostic_app\dataset\solo\train\pos\solo_train_pos_35.jpg,solo,1,1,0.8576,0.8269,0.0000,0.8576,0.8269
solo_train_pos_36,C:\n.gonorrhea_diagnostic_app\dataset\solo\train\pos\solo_train_pos_36.jpg,solo,1,1,0.8781,0.8209,0.0000,0.8781,0.8209
solo_train_pos_37,C:\n.gonorrhea_diagnostic_app\dataset\solo\train\pos\solo_train_pos_37.jpg,solo,1,1,0.8752,0.8212,0.0000,0.8752,0.8212
solo_train_pos_38,C:\n.gonorrhea_diagnostic_app\dataset\solo\train\pos\solo_train_pos_38.jpg,solo,1,1,0.8670,0.8268,0.0000,0.8670,0.8268
solo_train_pos_39,C:\n.gonorrhea_diagnostic_app\dataset\solo\train\pos\solo_train_pos_39.jpg,solo,1,1,0.8696,0.8304,0.0000,0.8696,0.8304
solo_train_pos_4,C:\n.gonorrhea_diagnostic_app\dataset\solo\train\pos\solo_train_pos_4.jpg,solo,1,1,0.8402,0.8057,0.0000,0.8402,0.8057
solo_train_pos_40,C:\n.gonorrhea_diagnostic_app\dataset\solo\train\pos\solo_train_pos_40.jpg,solo,1,1,0.8797,0.8302,0.0000,0.8797,0.8302
solo_train_pos_5,C:\n.gonorrhea_diagnostic_app\dataset\solo\train\pos\solo_train_pos_5.jpg,solo,1,1,0.8709,0.8383,0.0000,0.8709,0.8383
solo_train_pos_6,C:\n.gonorrhea_diagnostic_app\dataset\solo\train\pos\solo_train_pos_6.jpg,solo,1,1,0.8366,0.8139,0.0000,0.8366,0.8139
solo_train_pos_7,C:\n.gonorrhea_diagnostic_app\dataset\solo\train\pos\solo_train_pos_7.jpg,solo,1,1,0.8484,0.8221,0.0000,0.8484,0.8221
solo_train_pos_8,C:\n.gonorrhea_diagnostic_app\dataset\solo\train\pos\solo_train_pos_8.jpg,solo,1,1,0.8524,0.8235,0.0000,0.8524,0.8235
solo_train_pos_9,C:\n.gonorrhea_diagnostic_app\dataset\solo\train\pos\solo_train_pos_9.jpg,solo,1,1,0.8181,0.8103,0.0000,0.8181,0.8103
galaxy_neg_half,C:\n.gonorrhea_diagnostic_app\dataset\test_all\neg_pos_galaxynote8\galaxy_neg_half.jpg,test_all,2,2,0.8602,0.7944,0.6563,0.8602;0.8350,0.7944;0.6563
galaxy_neg_other,C:\n.gonorrhea_diagnostic_app\dataset\test_all\neg_pos_galaxynote8\galaxy_neg_other.jpg,test_all,2,2,0.8762,0.8152,0.7929,0.8762;0.8348,0.8152;0.7929
galaxy_neg_pos,C:\n.gonorrhea_diagnostic_app\dataset\test_all\neg_pos_galaxynote8\galaxy_neg_pos.jpg,test_all,2,2,0.8594,0.7883,0.7696,0.8594;0.8453,0.7883;0.7696
galaxy_neg_pos_1,C:\n.gonorrhea_diagnostic_app\dataset\test_all\neg_pos_galaxynote8\galaxy_neg_pos_1.jpg,test_all,2,2,0.8640,0.7990,0.6650,0.8640;0.8497,0.7990;0.6650
galaxy_neg_pos_2,C:\n.gonorrhea_diagnostic_app\dataset\test_all\neg_pos_galaxynote8\galaxy_neg_pos_2.jpg,test_all,2,2,0.8588,0.8065,0.7525,0.8588;0.8552,0.8065;0.7525
galaxy_neg_pos_3,C:\n.gonorrhea_diagnostic_app\dataset\test_all\neg_pos_galaxynote8\galaxy_neg_pos_3.jpg,test_all,2,2,0.8502,0.8093,0.6775,0.8502;0.8462,0.8093;0.6775
galaxy_neg_pos_4,C:\n.gonorrhea_diagnostic_app\dataset\test_all\neg_pos_galaxynote8\galaxy_neg_pos_4.jpg,test_all,2,2,0.8462,0.8082,0.7050,0.8462;0.8367,0.8082;0.7050
galaxy_neg_pos_error_1,C:\n.gonorrhea_diagnostic_app\dataset\test_all\neg_pos_galaxynote8\galaxy_neg_pos_error_1.jpg,test_all,2,1,0.8655,0.8042,0.0000,0.8655;0.8630,0.8042
galaxy_neg_pos_error_2,C:\n.gonorrhea_diagnostic_app\dataset\test_all\neg_pos_galaxynote8\galaxy_neg_pos_error_2.jpg,test_all,2,1,0.8680,0.7940,0.0000,0.8680;0.8514,0.7940
iphone13_neg_half_1,C:\n.gonorrhea_diagnostic_app\dataset\test_all\neg_pos_iphone13\iphone13_neg_half_1.jpg,test_all,2,2,0.8648,0.8204,0.8154,0.8648;0.8578,0.8204;0.8154
iphone13_neg_half_2,C:\n.gonorrhea_diagnostic_app\dataset\test_all\neg_pos_iphone13\iphone13_neg_half_2.jpg,test_all,2,2,0.8701,0.8222,0.8129,0.8701;0.8527,0.8222;0.8129
iphone13_neg_other_1,C:\n.gonorrhea_diagnostic_app\dataset\test_all\neg_pos_iphone13\iphone13_neg_other_1.jpg,test_all,2,2,0.8337,0.8203,0.8137,0.8337;0.8076,0.8203;0.8137
iphone13_neg_other_2,C:\n.gonorrhea_diagnostic_app\dataset\test_all\neg_pos_iphone13\iphone13_neg_other_2.jpg,test_all,2,2,0.8511,0.8188,0.8059,0.8511;0.8405,0.8188;0.8059
iphone13_neg_pos_1,C:\n.gonorrhea_diagnostic_app\dataset\test_all\neg_pos_iphone13\iphone13_neg_pos_1.jpg,test_all,2,2,0.8575,0.8140,0.8084,0.8575;0.8321,0.8140;0.8084
iphone13_neg_pos_2,C:\n.gonorrhea_diagnostic_app\dataset\test_all\neg_pos_iphone13\iphone13_neg_pos_2.jpg,test_all,2,2,0.8603,0.8227,0.8014,0.8603;0.8388,0.8227;0.8014
iphone13_neg_pos_error_1,C:\n.gonorrhea_diagnostic_app\dataset\test_all\neg_pos_iphone13\iphone13_neg_pos_error_1.jpg,test_all,2,1,0.8457,0.8161,0.0000,0.8457;0.8422,0.8161
iphone13_neg_pos_error_2,C:\n.gonorrhea_diagnostic_app\dataset\test_all\neg_pos_iphone13\iphone13_neg_pos_error_2.jpg,test_all,2,1,0.8613,0.8180,0.0000,0.8613;0.8346,0.8180
iphone13pro_neg_half,C:\n.gonorrhea_diagnostic_app\dataset\test_all\neg_pos_iphone13pro\iphone13pro_neg_half.jpg,test_all,2,2,0.8464,0.8127,0.7970,0.8464;0.8144,0.8127;0.7970
iphone13pro_neg_other,C:\n.gonorrhea_diagnostic_app\dataset\test_all\neg_pos_iphone13pro\iphone13pro_neg_other.jpg,test_all,2,2,0.8564,0.8151,0.8035,0.8564;0.8167,0.8151;0.8035
iphone13pro_neg_pos,C:\n.gonorrhea_diagnostic_app\dataset\test_all\neg_pos_iphone13pro\iphone13pro_neg_pos.jpg,test_all,2,2,0.8657,0.8134,0.8036,0.8657;0.8373,0.8134;0.8036
iphone13pro_neg_pos_error_1,C:\n.gonorrhea_diagnostic_app\dataset\test_all\neg_pos_iphone13pro\iphone13pro_neg_pos_error_1.jpg,test_all,2,1,0.8496,0.7949,0.0000,0.8496;0.8487,0.7949
iphone13pro_neg_pos_error_2,C:\n.gonorrhea_diagnostic_app\dataset\test_all\neg_pos_iphone13pro\iphone13pro_neg_pos_error_2.jpg,test_all,2,1,0.8516,0.8069,0.0000,0.8516;0.8493,0.8069
